{
    "transform": [
        [
            0.9996921420097351,
            -0.019938167184591293,
            -0.01476677693426609,
            -0.0829002857208252
        ],
        [
            -0.01476677693426609,
            -0.9564093351364136,
            0.29165589809417725,
            0.08005141466856003
        ],
        [
            -0.019938167184591293,
            -0.29134804010391235,
            -0.9564093351364136,
            -0.12256961315870285
        ]
    ],
    "scale": 0.20493781267363972
}