{
  "images_evaluated": [
    "test_01.jpg",
    "test_02.jpg",
    "test_03.jpg",
    "test_04.jpg",
    "test_05.jpg",
    "test_06.jpg",
    "test_08.jpg",
    "test_10.jpg"
  ],
  "sift_pnp": {
    "rotation_error_deg": {
      "mean": 1.565124018037537,
      "median": 1.569128735955157,
      "max": 2.338965033868563,
      "per_image": {
        "test_01.jpg": 1.7948170654175732,
        "test_02.jpg": 2.338965033868563,
        "test_03.jpg": 1.4016257193960022,
        "test_04.jpg": 1.0074423520798972,
        "test_05.jpg": 1.7282379832129886,
        "test_06.jpg": 1.9310017734441656,
        "test_08.jpg": 0.9088827281837806,
        "test_10.jpg": 1.410019488697325
      }
    },
    "translation_error_m": {
      "mean": 0.009686655446749732,
      "median": 0.009017786501809616,
      "max": 0.017028858757534262,
      "per_image": {
        "test_01.jpg": 0.012467751872469353,
        "test_02.jpg": 0.017028858757534262,
        "test_03.jpg": 0.005762398861661136,
        "test_04.jpg": 0.004516369152570153,
        "test_05.jpg": 0.007470494440197125,
        "test_06.jpg": 0.010565078563422108,
        "test_08.jpg": 0.006515256416581478,
        "test_10.jpg": 0.013167035509562242
      }
    }
  },
  "3dgs": {
    "rotation_error_deg": {
      "mean": 1.644122236233579,
      "median": 1.62178462991576,
      "max": 2.4267282773114696,
      "per_image": {
        "test_01.jpg": 1.9048264839680815,
        "test_02.jpg": 2.4267282773114696,
        "test_03.jpg": 1.4038237521371446,
        "test_04.jpg": 1.2348501855279257,
        "test_05.jpg": 1.7676138609628484,
        "test_06.jpg": 1.956969272406561,
        "test_08.jpg": 0.9822106586859286,
        "test_10.jpg": 1.4759553988686713
      }
    },
    "translation_error_m": {
      "mean": 0.009857403266968037,
      "median": 0.00878826755919027,
      "max": 0.017617239344968286,
      "per_image": {
        "test_01.jpg": 0.012934069627056302,
        "test_02.jpg": 0.017617239344968286,
        "test_03.jpg": 0.00553863263094872,
        "test_04.jpg": 0.004953951880267552,
        "test_05.jpg": 0.007241240075164035,
        "test_06.jpg": 0.010335295043216503,
        "test_08.jpg": 0.00694623389964516,
        "test_10.jpg": 0.013292563634477731
      }
    }
  }
}